Job Title,Company,Location,Salary,Posting Date,Extract Date,Summary,Job Url
Data Operations Analyst Intern,Datakalp LLP,"Remote in Bengaluru, Karnataka","₹3,000 a month",,13-03-2022,"['The internship is in the area of data annotation specifically on video data.', 'The candidate also need to take up the ad-hoc activity The internship will be in 2…']",https://in.indeed.com/company/Datakalp-LLP/jobs/Data-Operation-Analyst-Intern-e1f858ed7240f344?fccid=858f480ac7f7a5ea&vjs=3
Data Engineer Internship,Crypto Mize,"Delhi, Delhi",,,13-03-2022,"['A Data Warehouse Engineer is a person who specializes in providing support to our software developers, database architects, data analysts and data scientists on…']",https://in.indeed.com/rc/clk?jk=c5399ff04111206d&fccid=bdad58a8df3ba8a4&vjs=3
Junior Data Analyst,Meghatech Solutions pvt limited,"Bengaluru, Karnataka","₹10,000 - ₹15,000 a month",,13-03-2022,"['Entering customer and account data from source documents within time limits.', 'Compiling, verifying accuracy and sorting information to prepare source data for…']",https://in.indeed.com/company/Meghatech-Solutions-pvt-limited/jobs/Junior-Data-Analyst-1e5a121170267a16?fccid=c9836e5084d3a271&vjs=3
Data Analyst Internship,Crypto Mize,"Delhi, Delhi",,,13-03-2022,['Data Analyst Internship in Delhi at CryptoMize - Check Out Data Analyst Internship to A data analyst is a person who examines data using data analysis software.'],https://in.indeed.com/rc/clk?jk=045dea5e40561f63&fccid=bdad58a8df3ba8a4&vjs=3
,CADD CENTRE Indore,"Indore, Madhya Pradesh","₹8,086 - ₹22,562 a month",,13-03-2022,"['Develop automated dashboards and statistics for the data with the forecast.', 'CADD CENTRE Indore offers various courses like Mechanical CAD, Civil CAD,…']",https://in.indeed.com/company/Cadd-Centre/jobs/Autodesk-Internship-5d2a42d9692e20f3?fccid=bf85123829a64ded&vjs=3
,Impress AI,"Ernakulam, Kerala","₹10,00,000 - ₹20,00,000 a year",,13-03-2022,"['Experience visualizing/presenting data to stakeholders.', 'Enhancing data collection procedures to include information that is relevant for building analytic…']",https://in.indeed.com/company/Impress-AI/jobs/Data-Scientist-ea14222622265cf3?fccid=0181876594db7323&vjs=3
,Deutsche Bank,"Pune, Maharashtra",,,13-03-2022,"['Responsible for building data-grid centric UI.', 'Use BDD techniques, collaborating closely with users, analysts, developers and other testers.']",https://in.indeed.com/rc/clk?jk=856b00ec312219d1&fccid=f1d8e147024abb3f&vjs=3
Political Analyst Internship,Crypto Mize,"Delhi, Delhi",,,13-03-2022,"['Proven work experience as a political analyst is Preferred.', 'Gather various data and information from primary and secondary sources.']",https://in.indeed.com/rc/clk?jk=5de410e54698cf4c&fccid=bdad58a8df3ba8a4&vjs=3
Data Analyst Intern,AiGORITHM,"Remote in Kochi, Kerala",,,13-03-2022,"['Should have a passion towards data science.', 'If you complete 3 months with us, you will get a Data Analyst Internship certificate from Aigorithm.']",https://in.indeed.com/company/Flickoid/jobs/Data-Analyst-Intern-415e87d752182b24?fccid=0e8db74a8bd19f3e&vjs=3
Finance Analyst Internship,Crypto Mize,"Delhi, Delhi",,,13-03-2022,"['Knowledge of financial reporting and data mining tools such as SQL, Access, etc.', 'Apply for Finance Analyst Internship in Delhi.']",https://in.indeed.com/rc/clk?jk=d916edf62771661c&fccid=bdad58a8df3ba8a4&vjs=3
DATA SCIENTIST,impress.ai,India,,,13-03-2022,"['Experience visualizing/presenting data to stakeholders.', 'Communicate actionable insights using data, often for a non-technical audience.']",https://in.indeed.com/rc/clk?jk=487d8b4e04acda0b&fccid=8e03fa4a6738e684&vjs=3
,McKinsey & Company,"Gurgaon, Haryana",,,13-03-2022,['1+ years of experience in the electric power and/or natural gas industry; either after finishing studies and/or via internships.'],https://in.indeed.com/rc/clk?jk=291b6c4473543a92&fccid=6576e7250aa78c3c&vjs=3
,Thence,Remote,,,13-03-2022,"['Conducting data and security audits for projects.', 'Monitor and track key metrics and data points related to projects and raise red flags early on.']",https://in.indeed.com/rc/clk?jk=0623173e56a97886&fccid=8599bbf42886d494&vjs=3
Financial Data Analyst,ZM Financial Systems,"Bengaluru, Karnataka",,,13-03-2022,['Regularly interact with Moody’s ratings analysts regarding financial and operational data needed for analysis and publications.'],https://in.indeed.com/rc/clk?jk=72a51b312d68d176&fccid=7e9f8411cc2b1ce8&vjs=3
,TRiDE Mobility,"Hyderabad, Telangana","₹7,500 - ₹15,000 a month",,13-03-2022,"['Need to have a good command on data collecting and handling tools.', 'Should be able to find contact information of the prospects.', 'Total work: 1 year (Preferred).']",https://in.indeed.com/company/TRiDE-Mobility/jobs/Research-Analyst-Intern-322d1e55da03a9ed?fccid=2ffec4fb86b2e574&vjs=3
,TRiDE Mobility,"Hyderabad, Telangana","₹7,500 - ₹15,000 a month",,13-03-2022,"['Need to have a good command on data collecting and handling tools.', 'Should be able to find contact information of the prospects.', 'Total work: 1 year (Preferred).']",https://in.indeed.com/company/TRiDE-Mobility/jobs/Research-Analyst-Intern-322d1e55da03a9ed?fccid=2ffec4fb86b2e574&vjs=3
,Bain & Company,"Gurgaon, Haryana",,,13-03-2022,"['Communicate data, knowledge and insight to the entire team.', '0-24 months of relevant experience/internship in investment banking, equity research or consulting…']",https://in.indeed.com/rc/clk?jk=15924310ff1c5e48&fccid=48270b2eee62c2c6&vjs=3
,Deutsche Bank,"Bengaluru, Karnataka",,,13-03-2022,"['Background in any of the processes under client data / Tax / Instruments / would be beneficial.', 'Operations Reference Data Services (ORDS) is responsible for…']",https://in.indeed.com/rc/clk?jk=ed2af7ac4ca360fb&fccid=f1d8e147024abb3f&vjs=3
Marketing Research Intern,Vish Gyana Technology Solutions Private Limited,"Chennai, Tamil Nadu","₹2,00,000 a month",,13-03-2022,['Evaluate program methodology and key data to ensure that data on the releases are accurate and the angle of the release is correct.'],https://in.indeed.com/company/Vish-Gyana-Technology-Solutions-Private-Limited/jobs/Marketing-Research-Intern-1924be1a07d6fc08?fccid=81571595bac8506a&vjs=3
Data Analyst,Swift Information Technologies Pvt. Ltd.,"Navi Mumbai, Maharashtra","₹6,000 - ₹10,000 a month",,13-03-2022,"['*Categorization and labeling of data for AI applications*.', 'Data Entry Operators, Computer Operator.', 'Basic Speed and Accuracy is essential.']",https://in.indeed.com/company/Swift-Information-Technologies-Pvt.-Ltd./jobs/Data-Analyst-c6a1bc807786efe7?fccid=2c3381066653d7bb&vjs=3
Junior Analyst,Convosight,"New Delhi, Delhi",,,13-03-2022,"['Identifying data inconsistencies, resolving issues, and ensuring the integrity of our data.', 'You would be dawning multiple hats as a junior analyst working…']",https://in.indeed.com/rc/clk?jk=0fb175b3ce467a44&fccid=85863bd796001301&vjs=3
Research Analyst Intern,Ecultify Advertising LLP,"Mumbai, Maharashtra","₹5,000 a month",,13-03-2022,"['Handle the collection, standardization, and validation of data from various documents.', 'Process data (financial or non-financial) for our YouTube channels and…']",https://in.indeed.com/company/Ecultify-Advertising-LLP/jobs/Research-Analyst-Intern-e22424f3b3b80744?fccid=c5fddb13575b7d99&vjs=3
Financial Data Analyst,Moody's,"Bengaluru, Karnataka",,,13-03-2022,"[""Regularly interact with Moody's ratings analysts regarding financial and operational data needed for analysis and publications.""]",https://in.indeed.com/rc/clk?jk=2a1a8e235741a78c&fccid=28eefc5b86560831&vjs=3
Internship - Data Analyst / .Net,INKEY,"Surat, Gujarat",,,13-03-2022,"['A natural communicator who can explain esoteric technical concepts in clear, plain English (both written and verbal).', 'Coding - both frontend as well as backend.']",https://in.indeed.com/rc/clk?jk=fc8ab15e07b96944&fccid=9cbfe1daa7387921&vjs=3
,Moody's,"Gurgaon, Haryana",,,13-03-2022,['Able to identify and research issues and/or discrepancies with data and/or requests for follow up with the business or analyst.'],https://in.indeed.com/rc/clk?jk=7c342ba262ac3b58&fccid=1d0c9a70e32e0c07&vjs=3
Marketing Analyst Internship,Crypto Mize,"Delhi, Delhi",,,13-03-2022,"['Conduct competitive research and analyze benchmarking data.', 'Deep knowledge of data warehousing, and mining.', 'Adequate knowledge of data collection methods (polls…']",https://in.indeed.com/rc/clk?jk=05279810bef206c8&fccid=bdad58a8df3ba8a4&vjs=3
DataOps Consulting Internship (6 months),Atlan,India,,,13-03-2022,"['Be the face of Atlan, helping deliver a stellar customer experience to data teams and data leaders.', 'Atlan makes it easier for diverse data users – business…']",https://in.indeed.com/rc/clk?jk=37e30f0ed4b8c1b7&fccid=5780b449d988d84f&vjs=3
Business Analyst Intern,Iotech Designs Private Limited,"Noida, Uttar Pradesh","₹15,000 a month",,13-03-2022,"['Must be very good at market research, Retail data collection, and generation of ideas.', 'To perform market research in retail and come up with innovative ideas…']",https://in.indeed.com/company/Iotech-Designs-Private-Limited/jobs/Business-Analyst-Intern-b86dc66a1b8f4cce?fccid=15cd8390bd0fdd7b&vjs=3
Senior Data Processing Analyst-RE,NielsenIQ,"Chennai, Tamil Nadu",,,13-03-2022,"['Your role will be working closely with the US Data Transformation team on sourcing machine learning models, assisting with the design of data science solutions…']",https://in.indeed.com/rc/clk?jk=2fd687565e70840c&fccid=7cb2f2a8d7f35bee&vjs=3
Market Data Analyst - 5138,ION,"Gurgaon, Haryana",,,13-03-2022,['The Market Data Analyst is responsible for ensuring that Reval data is compliant with its market data vendors (primary and sub-vendors).'],https://in.indeed.com/rc/clk?jk=495138bdae1e5722&fccid=363d27976f5fa667&vjs=3
,Kendra Labs,"Temporarily Remote in Delhi, Delhi","₹45,000 - ₹1,00,000 a month",,13-03-2022,"[""Web Technologies together with programming in 'big data' languages."", 'We are searching for individuals who have experience in architecting and building full stack…']",https://in.indeed.com/company/Kendra-Labs/jobs/Cloud-Devop-Engineer-Software-Engineer-5a113b4652b9dc79?fccid=47a6faee2e7feda3&vjs=3
Site Visit Internship,Biltrax Construction Data,"Gurgaon, Haryana+1 location",,,13-03-2022,"['We enable Sales, Marketing & Business Development Teams of Construction Material Manufacturers, Distributors, Turnkey & Trade Contractors, Design, Engineering &…']",https://in.indeed.com/company/Biltrax/jobs/Site-Visit-Internship-a31cfb5ab4f586b1?fccid=49847436d484f205&vjs=3
,Futureveal,"Pune, Maharashtra","₹4,000 - ₹6,000 a month",,13-03-2022,"['Verify that all the data collected is correctly entered and in the correct field.', 'Excellent oral and written communication is a must.']",https://in.indeed.com/company/Futureveal/jobs/Research-Analyst-7d641e305a83cea7?fccid=9749bf71092fee98&vjs=3
Customer Happiness Internship (6 months),Atlan,India,,,13-03-2022,"['Atlan makes it easier for diverse data users – business users, product managers, analysts, and engineers – to collaborate effectively.']",https://in.indeed.com/rc/clk?jk=7755af9d406bcbba&fccid=5780b449d988d84f&vjs=3
Data Analyst Intern,Perceptive Analytics,"Hyderabad, Telangana",,,13-03-2022,"['This will also create certain artifacts (Articles) that can work as a proof of expertise in this particular area.', '20000 (IITs) if you work full time.']",https://in.indeed.com/rc/clk?jk=15098acc7588649d&fccid=210726a08f3619d6&vjs=3
Analyst - Knowledge Services,Sattva,Remote,,,13-03-2022,['A candidate who would be available for a full time analyst position after internship based on mutual agreement in terms of fitment and performance.'],https://in.indeed.com/rc/clk?jk=bda7470a873f5c2e&fccid=6dbc2d7ff3d50879&vjs=3
,ZM Financial Systems,"Gurgaon, Haryana",,,13-03-2022,['Able to identify and research issues and/or discrepancies with data and/or requests for follow up with the business or analyst.'],https://in.indeed.com/rc/clk?jk=a6cf36f35204561c&fccid=7e9f8411cc2b1ce8&vjs=3
Backend Engineering Internship (6 months),Atlan,India,,,13-03-2022,"['Atlan makes it easier for diverse data users – business users, product managers, analysts, and engineers – to collaborate effectively.']",https://in.indeed.com/rc/clk?jk=93019fb78dc87a82&fccid=5780b449d988d84f&vjs=3
,Tapsoft Technologies,"Pune, Maharashtra",,,13-03-2022,"['Extensive experience with data visualization.', 'Excellent communicator with the ability to translate data into actionable insights.']",https://in.indeed.com/company/Tapsoft-Technologies/jobs/Business-Analyst-Intern-d34e29f2ad517daa?fccid=48420a2d6b9510b6&vjs=3
Frontend Engineering Internship (6 months),Atlan,India,,,13-03-2022,"['Atlan makes it easier for diverse data users – business users, product managers, analysts, and engineers – to collaborate effectively.']",https://in.indeed.com/rc/clk?jk=584a491adfb0c5f0&fccid=5780b449d988d84f&vjs=3
INTERN – DATA ANALYST,Perceptive Analytics,"Remote in Hyderabad, Telangana",,,13-03-2022,"['If you do a great job, this internship can also lead to a pre placement / full time offer.', 'This internship will help you gain in-depth knowledge in Analytics…']",https://in.indeed.com/rc/clk?jk=0feab75badae0323&fccid=210726a08f3619d6&vjs=3
Intern Diversity,Deutsche Bank,"Mumbai, Maharashtra",,,13-03-2022,"['Opportunity to apply data science techniques to improve current tools used for risk analysis.', 'Opportunity to apply data science techniques to improve current…']",https://in.indeed.com/rc/clk?jk=9cfa20b9a5c7d4e9&fccid=f1d8e147024abb3f&vjs=3
IFS-Operate - AMS WPP - Testing and Data Analytics - Associate - Kolkata,PwC,"Kolkata, West Bengal",,,13-03-2022,"['Handle, manipulate and analyse data and information responsibly.', '(this could have come from work experience eg. internships, placement years etc).']",https://in.indeed.com/rc/clk?jk=1706aac8a177acaa&fccid=5e964c4afc56b180&vjs=3
Market Research Intern,POD,"Bengaluru, Karnataka","₹3,000 - ₹5,000 a month",,13-03-2022,"['*B.Com or BBA graduates or Candidates with market research/Data analyst internship experience are preferred.', 'Job Types: Full-time, Internship.']",https://in.indeed.com/company/crowdpouch/jobs/Market-Research-Intern-1d41494961f626a3?fccid=557ba9656f9b3e77&vjs=3
Data Analyst /Machine Learning/Python & Django Online Trainers,S.F.T,"Temporarily Remote in Kottayam, Kerala","₹10,000 a month",,13-03-2022,"['Candidates with good working knowledge in Big-data Analytics & Machine learning python & Django can apply.', 'Job Types: Full-time, Freelance, Internship, Fresher.']",https://in.indeed.com/company/S.F.T/jobs/Data-Analyst-7c4e4a6a742536fc?fccid=bb2951558623d792&vjs=3
Finance Analyst,ApplyBoard,"Remote in Gurgaon, Haryana",,,13-03-2022,"['3-5 years of prior work experience (e.g. as analyst in a strategy consulting firm or investment bank; financial analyst in a dynamic industry, internship…']",https://in.indeed.com/rc/clk?jk=034c3aaf19b56ec5&fccid=132cf1d64633e77d&vjs=3
Cost Accounting - Intern,Dupont,"Hyderabad, Telangana",,,13-03-2022,"['Audit Support in data collation.', 'Ensure timely & qualitative performance of month-end and during the month activities related to Inventory & Cost Accounting and…']",https://in.indeed.com/rc/clk?jk=364e7f28ac60a271&fccid=76bce720eab9a7b0&vjs=3
Analyst – Survey Analytics,Boston Consulting Group,"New Delhi, Delhi",,,13-03-2022,"['Master’s degree with demonstrated high academic achievement in analytics, data science, or mathematics and relevant work experience in market/consumer research…']",https://in.indeed.com/rc/clk?jk=5b65b5175724e20a&fccid=b95f9eb47968fa13&vjs=3
NCT - Intern,Deutsche Bank,"Remote in Pune, Maharashtra",,,13-03-2022,"['Escalate issues coming out of the process and key controls that may impact the validity of reported data.', 'Responsible for Financial data transfer from local…']",https://in.indeed.com/rc/clk?jk=58e7feca25345992&fccid=f1d8e147024abb3f&vjs=3
Data Science Intern,Ganit,"Chennai, Tamil Nadu",,,13-03-2022,"['Conducting complex data analysis to ensure data quality & reliability, i.e., make the data talk by extracting, preparing, and transforming it.']",https://in.indeed.com/rc/clk?jk=82f861522dbe7d73&fccid=a84170b5a8a8d5cc&vjs=3
Data Analyst - 1,Chegg,"Jasola, Delhi, Delhi",,,13-03-2022,"['1 -2 years of experience as data analyst.', 'Responsible to carve out data for work allocation at times.', 'Good in SQL, Ability to write good SQL queries for data…']",https://in.indeed.com/rc/clk?jk=95c34e3c6e18c224&fccid=a5cbd2514edf7804&vjs=3
Content Developer Internship,Crypto Mize,"Delhi, Delhi",,,13-03-2022,"['Apply for Content Developer Training in Delhi at CryptoMize.', 'Content Strategist Internship in Delhi at CryptoMize - Check Out Content Specialist Internship for…']",https://in.indeed.com/rc/clk?jk=249e3589613e94e4&fccid=bdad58a8df3ba8a4&vjs=3
Reverse Engineer Internship,Crypto Mize,"Delhi, Delhi",,,13-03-2022,"['Collaborate with a team of experienced malware analysts and researchers.', 'Develop novel solutions to challenges facing incident responders and malware analysts.']",https://in.indeed.com/rc/clk?jk=d9c123de73da8944&fccid=bdad58a8df3ba8a4&vjs=3
Product Enablement Internship (6 months),Atlan,India,,,13-03-2022,"['Atlan makes it easier for diverse data users – business users, product managers, analysts, and engineers – to collaborate effectively.']",https://in.indeed.com/rc/clk?jk=d061575ff8ecf7e9&fccid=5780b449d988d84f&vjs=3
,Palo Alto Networks,"Bengaluru, Karnataka",,,13-03-2022,"['Experience working with sales teams and drawing insights from sales data.', 'Practical experience working in high-growth companies gained through internships or…']",https://in.indeed.com/rc/clk?jk=3bd56433a6beda14&fccid=0562f887e2bed9ea&vjs=3
Market Research Analyst Internship,Crypto Mize,"Delhi, Delhi",,,13-03-2022,"['Analyse data using statistical software.', 'Analytical aptitude and data oriented approach.', 'Research competitors and compile data for benchmarking.']",https://in.indeed.com/rc/clk?jk=d7796a03f89bebfa&fccid=bdad58a8df3ba8a4&vjs=3
Support Engineer,Atlan,India,,,13-03-2022,"['Atlan makes it easier for diverse data users – business users, product managers, analysts, and engineers – to collaborate effectively.']",https://in.indeed.com/rc/clk?jk=c45913e6079ff621&fccid=5780b449d988d84f&vjs=3
"Intern- Business & Marketing Analyst, India",MiQ Digital,"Mumbai, Maharashtra",,,13-03-2022,"['Understand commercial strategy for an cutting edge data led programmatic business.', 'Delve deep into our data partnership capabilities to differentiate MiQ in the…']",https://in.indeed.com/rc/clk?jk=e3439a09f4cf7a01&fccid=19393daddd5b324a&vjs=3
Product Analyst,Cloud LIMS,"Temporarily Remote in Indore, Madhya Pradesh",,,13-03-2022,"['Gather data on user reactions after launch by monitoring and reporting.', 'We build a digital tool called Laboratory Information Management Systems (LIMS) that…']",https://in.indeed.com/rc/clk?jk=68028996491c3d0a&fccid=e3ac58254ba534f8&vjs=3
Associate,BDO India,"Goregaon, Mumbai, Maharashtra",,,13-03-2022,"['Any technology knowledge around process automation, data analytics is a big plus.', 'Leveraging our deep industry knowledge and extensive experience, our industry…']",https://in.indeed.com/rc/clk?jk=9b47ac26ac079e10&fccid=8dddbcbdce3f1bce&vjs=3
Data Scientist Intern,PAGO Analytics,"Hyderabad, Telangana",,,13-03-2022,['Identify new internal and external data sources to support analytics initiatives and work with appropriate partners to absorb the data into new or existing data…'],https://in.indeed.com/rc/clk?jk=373aa07ae39a9cfc&fccid=32e7714bda65ceaf&vjs=3
Junior Operations Analyst,Valtitude,"Pune, Maharashtra",,,13-03-2022,"['A Junior Operations Analyst will be responsible for data analysis, supply chain modeling, and reporting.', 'This position would be ideal for new graduates with an…']",https://in.indeed.com/rc/clk?jk=b59295d9723e20ab&fccid=335582e72b4b1c35&vjs=3
Business Intelligence Engineer - I,Chegg,"Jasola, Delhi, Delhi",,,13-03-2022,"['Able to identify incomplete data, improve data quality and integrate data from multiple sources.', 'The Business Intelligence team is central to Chegg’s data…']",https://in.indeed.com/rc/clk?jk=a6cb12a3a684ac2c&fccid=a5cbd2514edf7804&vjs=3
Programmer Analyst,ADCI - Karnataka,"Bengaluru, Karnataka",,,13-03-2022,"['Knowledge of algorithms and data structures.', 'Previous technical internship(s) preferred.', 'Proven educational track record with sound data structure and algorithm…']",https://in.indeed.com/rc/clk?jk=6537c11938e14340&fccid=fe2d21eef233e94a&vjs=3
"Data Engineer II, TFS",ADCI HYD 13 SEZ,"Hyderabad, Telangana",,,13-03-2022,"['Experience with data modeling, data warehousing, and building ETL pipelines.', 'Previous technical internship(s) preferred.']",https://in.indeed.com/rc/clk?jk=8e01f62c4785e310&fccid=fe2d21eef233e94a&vjs=3
"Analyst, Foundations",Sattva,"Bengaluru, Karnataka",,,13-03-2022,"['Prior experience in data (basic data analysis) and presentations.', 'Perform initial shortlisting of relevant data sources and assess quality of relevant data.']",https://in.indeed.com/rc/clk?jk=ec24c8a3e6d451fb&fccid=6dbc2d7ff3d50879&vjs=3
Data Analyst - Advanced Analytics,Perceptive Analytics,"Hyderabad, Telangana",,,13-03-2022,"['Expertise and strong experience in data gathering and analysis.', 'Hands on expertise in Data modelling, Data migration & Data consolidation tools through working…']",https://in.indeed.com/rc/clk?jk=3bc06c8b401b1111&fccid=210726a08f3619d6&vjs=3
SEO Analyst,CloudMellow Technologies-LLP,"Eluru, Andhra Pradesh","₹10,000 - ₹23,000 a month",,13-03-2022,"[""Bachelor's degree, relevant courses, and/or internships preferred."", 'Critical-thinking skills and the ability to identify interesting trends in data to develop…']",https://in.indeed.com/company/CloudMellow-Technologies--LLP/jobs/SEO-Analyst-188875c70d324d2c?fccid=c802f6985e02b068&vjs=3
Catastrophe Modeling Analyst,Aon Corporation,"Bengaluru, Karnataka",,,13-03-2022,"['Prepare property insurance policy data for catastrophe risk analysis using Microsoft Access, SQL Query Analyzer and other data conversion tools.']",https://in.indeed.com/rc/clk?jk=83efc12cafa81445&fccid=dc08cb56cb2d6276&vjs=3
Data Scientist II,Chegg,"Jasola, Delhi, Delhi",,,13-03-2022,"['Excellent data visualization skills using Tableau/Domo or other data visualization tools.', 'Advanced SQL and data manipulation skills.']",https://in.indeed.com/rc/clk?jk=5e7304f703703962&fccid=a5cbd2514edf7804&vjs=3
Growth Marketing Internship,Atlan,India,,,13-03-2022,"['Atlan makes it easier for diverse data users – business users, product managers, analysts, and engineers – to collaborate effectively.']",https://in.indeed.com/rc/clk?jk=e1467c4450b780dc&fccid=5780b449d988d84f&vjs=3
Business Insights Analyst,Chegg,"Jasola, Delhi, Delhi",,,13-03-2022,"['We use a world-class set of instrumentation, analysis and data science technologies to transform our data into insights and then into knowledge.']",https://in.indeed.com/rc/clk?jk=87b599d8bf84d944&fccid=a5cbd2514edf7804&vjs=3
Site Reliability Engineering Internship (6 months),Atlan,India,,,13-03-2022,"['Atlan makes it easier for diverse data users – business users, product managers, analysts, and engineers – to collaborate effectively.']",https://in.indeed.com/rc/clk?jk=42c2755543da365d&fccid=5780b449d988d84f&vjs=3
Analyst - Project Management for Marketing team- Hyderabad,Deloitte,"Hyderabad, Telangana",,,13-03-2022,"['Prepare reports illustrating data graphically and translating complex findings into written text.', 'Experience in managing projects either at a university level,…']",https://in.indeed.com/rc/clk?jk=aa7d0c5e8f6e7e2d&fccid=9e215d88a6b33622&vjs=3
Sales Incentives Analyst,Red Hat Software,"Pune, Maharashtra",,,13-03-2022,"['Work on ad hoc reporting requests; maintain data quality of production and ad hoc reports.', 'Prior experience working with sales, business consulting, or…']",https://in.indeed.com/rc/clk?jk=d0d15c5d82300747&fccid=e24a60f01d1882d1&vjs=3
Web Developer,Logicwell Technologies Pvt. Ltd.,"Noida, Uttar Pradesh","₹8,086 - ₹20,546 a month",,13-03-2022,"['Work in a data analyst role and with business intelligence applications.', 'The ideal candidate is a highly resourceful and innovative developer with extensive…']",https://in.indeed.com/company/Logicwell-Technologies-Pvt.-Ltd./jobs/Web-Developer-d0c41e1cb13e5673?fccid=a56bd4bc62550daf&vjs=3
Site Visit Intern (Maharashtra),Biltrax Construction Data,"Mumbai, Maharashtra+1 location",,,13-03-2022,"['We enable Sales, Marketing & Business Development Teams of Construction Material Manufacturers, Distributors, Turnkey & Trade Contractors, Design, Engineering &…']",https://in.indeed.com/company/Biltrax/jobs/Site-Visit-Intern-2cb5fad3a0acfea4?fccid=49847436d484f205&vjs=3
Intern Trainee,Vigyanlabs Innovations Pvt Ltd,"Mysore, Karnataka","₹7,000 - ₹9,000 a month",,13-03-2022,"['Work with data scientists and analysts to improve software.', 'We are looking for interns for technical coder role for a period of 3-6 months who to produce…']",https://in.indeed.com/company/Vigyanlabs-Innovations-Pvt-Ltd/jobs/Intern-Trainee-f8f14d533961d0df?fccid=7f824fc7ac166840&vjs=3
2022 Global Data Analytics - Mumbai,Bloomberg,"Mumbai, Maharashtra",,,13-03-2022,"['Bloomberg runs on data, and data drives the market.', 'Stakeholder management exposure through school or work/internship.']",https://in.indeed.com/rc/clk?jk=73cd6622d05327e6&fccid=f770da67b3b51c62&vjs=3
Global Financial Analyst,Bekaert NV,"Pune, Maharashtra",,,13-03-2022,"['Ensures the timely execution of reports with data integrity,.', 'Financial modeling & data gathering on ST & LT planning exercises including actual reporting.']",https://in.indeed.com/rc/clk?jk=3c5fe6164a0c2983&fccid=c9e13fc8d241507b&vjs=3
,"JPMorgan Chase Bank, N.A.","Bengaluru, Karnataka",,,13-03-2022,"[""1-3 years' relevant internship/business experience; financial services industry or background in controls, audit, quality assurance, operational risk management…""]",https://in.indeed.com/rc/clk?jk=53578aee6daff2f5&fccid=aaf3b433897ea465&vjs=3
Analyst,Crisil,"Mumbai, Maharashtra",,,13-03-2022,"['Work experience or demonstrated past internship experience in Financial Services, consulting, project management, or data analytics.']",https://in.indeed.com/rc/clk?jk=d3cd19f96fe66cb2&fccid=a16d9ed628a37fab&vjs=3
CRL2.0 Business Analysts - Senior,EY,"Thiruvananthapuram, Kerala",,,13-03-2022,"['Previous experience or internship in software organizations in similar roles is an added advantage.', 'EY is looking for passionate, result oriented and quality…']",https://in.indeed.com/rc/clk?jk=b3dda9a735d320e9&fccid=1544766d4c2915b0&vjs=3
Coding Evangelist,Focus Academy for Career Enhancement,"Coimbatore, Tamil Nadu",,,13-03-2022,['FACE Prep is looking for a Coding Evangelist who can help lakhs of beginners out there bootstrap their coding journey.'],https://in.indeed.com/rc/clk?jk=d8b09a31b196d5dd&fccid=7546484cfd95b9ed&vjs=3
Marketing Research Intern,Vish Gyana Technology Solution Pvt. Ltd.,"Chennai, Tamil Nadu","₹5,000 a month",,13-03-2022,['Evaluate program methodology and key data to ensure that data on the releases are accurate and the angle of the release is correct.'],"https://in.indeed.com/company/Vish-Gyana-Technology-Solutions-Pvt-Ltd.,/jobs/Marketing-Research-Intern-9e8ca2fb49e2f71e?fccid=b3135b0aeb11711f&vjs=3"
,Crisil,"Mumbai, Maharashtra",,,13-03-2022,"['§ Work experience or demonstrated past internship experience in Financial Services, consulting, project management, or data analytics.']",https://in.indeed.com/rc/clk?jk=424c8052c1225b61&fccid=07960deccb500f33&vjs=3
Quality Assurance Analyst-Intern,Merkle,"Pune, Maharashtra",,,13-03-2022,['The QA Intern is involved throughout the entire project life cycle and becomes a subject matter expert for a project.'],https://in.indeed.com/rc/clk?jk=0761ccd14f564bce&fccid=9de52fa9ca5b17cd&vjs=3
Campus Recruiter,slice,"Bengaluru, Karnataka",,,13-03-2022,"['Build and iterate on our internship program with teammates and cross-functional stakeholders.', 'Proactively share data-centric updates with internal stakeholders…']",https://in.indeed.com/rc/clk?jk=6bffd47e3ef71860&fccid=cf79f96fb3ec99fe&vjs=3
,Huron Consulting Group Inc.,"Bengaluru, Karnataka",,,13-03-2022,"['Our expertise in full-service enterprise performance management (EPM), enterprise resource planning (ERP), business intelligence and analytics, customer…']",https://in.indeed.com/rc/clk?jk=5302f72d2b9afd87&fccid=aa50c21fb3d97098&vjs=3
Business Analyst - Tableau,Red Hat Software,"Pune, Maharashtra",,,13-03-2022,"['Extract data from multiple data sources and clean, combine, and prepare data for creating reports.', '2+ years of experience working as a financial or business…']",https://in.indeed.com/rc/clk?jk=83ed781a4becca5d&fccid=e24a60f01d1882d1&vjs=3
Programmer Analyst,ADCI HYD 16 SEZ,"Hyderabad, Telangana",,,13-03-2022,"['Experience building software applications through internships, course projects, hackathons or personal projects.', 'Job Location: Hyderabad, TS and Bangalore, KA.']",https://in.indeed.com/rc/clk?jk=74568ffc81ec0b67&fccid=fe2d21eef233e94a&vjs=3
,MasterCard,"Pune, Maharashtra",,,13-03-2022,"['Relevant internship or work experience, including development and/or test automation experience.', 'Experience in working with fast paced, modern Architecture with…']",https://in.indeed.com/rc/clk?jk=b17b262efcdc4c9d&fccid=10b5c722d846df43&vjs=3
Quality Assurance Analyst-Intern,Merkle Sokrati,"Pune, Maharashtra",,,13-03-2022,['The QA Intern is involved throughout the entire project life cycle and becomes a subject matter expert for a project.'],https://in.indeed.com/rc/clk?jk=799a76552bc45874&fccid=70853f95aa7f55a9&vjs=3
Client Associate - Banking,Crisil,"Mumbai, Maharashtra",,,13-03-2022,"['§ Work experience or demonstrated past internship experience in Financial Services, consulting, project management, or data analytics.']",https://in.indeed.com/rc/clk?jk=9ae3542780178db4&fccid=07960deccb500f33&vjs=3
Intern Filing and Sourcing (Campus Only ),S&P Global,"Hyderabad, Telangana+1 location",,,13-03-2022,"['The Filing & Sourcing team is committed to S&P’s different departments and their data quality.', 'Students who are passionate about the financial markets,…']",https://in.indeed.com/rc/clk?jk=095633228c6ed5b5&fccid=b716e44d2c6283e7&vjs=3
Analyst - Knowledge Services,Sattva Consulting,"Bengaluru, Karnataka",,,13-03-2022,['A candidate who would be available for a full time analyst position after internship based on mutual agreement in terms of fitment and performance.'],https://in.indeed.com/company/Sattva-Consulting/jobs/Analyst-fad5005c20d27b45?fccid=6ed6e2cea009fb69&vjs=3
Business Analyst - Data Science,Genpact,"Bengaluru, Karnataka",,,13-03-2022,"['Creation of cutting edge models for understanding vast amounts of textual, numeric, graphic and speech data.', 'Creation and deployment of production-ready code.']",https://in.indeed.com/rc/clk?jk=2e1f1941e697c816&fccid=afe30394bfba1470&vjs=3
Data Engineer I,Chegg,"Jasola, Delhi, Delhi",,,13-03-2022,"['Design and build data frameworks (ingestion, processing, distribution, access) for Chegg’s big data-based data platform.']",https://in.indeed.com/rc/clk?jk=61e131ed87fc8e83&fccid=a5cbd2514edf7804&vjs=3
Client Development Analyst,Spencer Stuart,"New Delhi, Delhi",,,13-03-2022,"['Successful analysts do this through their:', 'One to two years of relevant internship or full-time experience, ideally at a professional services or consulting…']",https://in.indeed.com/rc/clk?jk=85335061b5690560&fccid=9e2ae2df557170b3&vjs=3
Data Analyst / Data Scientist | Internship | Tech-Savvy|,Anaxee Digital Runners Pvt Ltd,"Indore, Madhya Pradesh",,,13-03-2022,"['As a data analyst, you will be responsible for compiling actionable insights from data and assisting program, sales and marketing managers build data-driven…']",https://in.indeed.com/rc/clk?jk=b1fce666b69a8f77&fccid=92e887f9e14b331c&vjs=3
Functional Analyst- Production (Manufacturing),iTalent India,"Pune, Maharashtra",,,13-03-2022,"['Ability to research and interpret data well.', 'Responsible for performance data accuracy & continuity on daily basis.', 'Good analytical and quantitative skills.']",https://in.indeed.com/rc/clk?jk=c9f4229f676f5127&fccid=38d0e79c4734ce3d&vjs=3
Reval Client Support Analyst- 3605,ION,"Gurgaon, Haryana",,,13-03-2022,"['2-5 year of professional experience in technical environment (including internship experience).', 'The Reval Client Support- Operation Team provides support to our…']",https://in.indeed.com/rc/clk?jk=016faa13cd8b5620&fccid=363d27976f5fa667&vjs=3
CIEL/SEL/21820: Data Analyst - FSG- Mumbai,CIEL HR Services,"Mumbai, Maharashtra",,,13-03-2022,"['\uf0b7 Up to two years of relevant analytical work or internship experience in data analytics, management consulting, business, academia, and/or the development…']",https://in.indeed.com/rc/clk?jk=17cc0428185c2b93&fccid=2b1e42f645eeaf1e&vjs=3
Senior Business Intelligence Developer,Chegg,"Jasola, Delhi, Delhi",,,13-03-2022,"['Able to identify incomplete data, improve quality of data and integrate data from multiple sources.', 'Subject Matter Expert on enterprise data visualization, data…']",https://in.indeed.com/rc/clk?jk=9c9ad521c8525a6b&fccid=a5cbd2514edf7804&vjs=3
,Flipshope,"Jaipur, Rajasthan","₹10,000 - ₹20,000 a month",,13-03-2022,"['Potential full-time employment after successfully completing the internship.', 'The ideal candidate should have an eye for clean and artful design, possess…']",https://in.indeed.com/company/FlipShope/jobs/Ui-Ux-Designer-ac537374dded963b?fccid=effb8caf226b1904&vjs=3
,Flipshope,"Jaipur, Rajasthan","₹10,000 - ₹20,000 a month",,13-03-2022,"['Potential full-time employment after successfully completing the internship.', 'The ideal candidate should have an eye for clean and artful design, possess…']",https://in.indeed.com/company/FlipShope/jobs/Ui-Ux-Designer-ac537374dded963b?fccid=effb8caf226b1904&vjs=3
Senior Analyst/Team Lead Analytics,Perceptive Analytics,"Remote in Hyderabad, Telangana",,,13-03-2022,"['Deep knowledge of data analytics methodologies.', 'Perceptive Analytics provides Visual Analytics, Marketing (customer analytics) and data engineering solutions.']",https://in.indeed.com/rc/clk?jk=1f7578a55e3fe59d&fccid=210726a08f3619d6&vjs=3
Talent Acquisition Consultant â€“ Junior Talent,Bank of America,"Mumbai, Maharashtra",,,13-03-2022,"['Previous experience developing concise and effective presentations, assimilating complex data into a results-based story and effectively presenting the results.']",https://in.indeed.com/rc/clk?jk=d7af7b087210a054&fccid=5bd99dfa21c8a490&vjs=3
Analyst – Visual Analytics,Perceptive Analytics,"Remote in Hyderabad, Telangana",,,13-03-2022,"['Understanding and analyzing new data for the purpose of identifying trends and providing insights.', 'Prospective aspirant should have the ability to understand…']",https://in.indeed.com/rc/clk?jk=4ed4b1fc53935486&fccid=210726a08f3619d6&vjs=3
IFS-Operate-Testing and Data Analytics - Associate 2-Kolkata,PwC,"Kolkata, West Bengal",,,13-03-2022,"['Handle, manipulate and analyse data and information responsibly.', '(this could have come from work experience eg. internships, placement years etc).']",https://in.indeed.com/rc/clk?jk=f645a098edbb5a10&fccid=5e964c4afc56b180&vjs=3
Senior Backend Engineer,Atlan,India,,,13-03-2022,"['Atlan makes it easier for diverse data users – business users, product managers, analysts, and engineers – to collaborate effectively.']",https://in.indeed.com/rc/clk?jk=74721e4ba04bd702&fccid=5780b449d988d84f&vjs=3
Senior Frontend Engineer,Atlan,India,,,13-03-2022,"['You understand the big data landscape and empathize with the problems of data teams.', 'Design and develop products for diverse personas — e.g. data analysts in a…']",https://in.indeed.com/rc/clk?jk=4acfdcaabf666b85&fccid=5780b449d988d84f&vjs=3
Engineering Manager,Atlan,India,,,13-03-2022,"['Atlan makes it easier for diverse data users – business users, product managers, analysts, and engineers – to collaborate effectively.']",https://in.indeed.com/rc/clk?jk=a317adee3cb44027&fccid=5780b449d988d84f&vjs=3
Technical Intern,Vedam Labs,"Solapur, Maharashtra",,,13-03-2022,"['Collaborate with developers and analysts to produce software designs.', 'The best performing students in internship duration will be considered for a full time job…']",https://in.indeed.com/rc/clk?jk=efaf71ae7273b6d1&fccid=bcadeb8636d0d6cd&vjs=3
CIEL/SEL/24125: Market Risk Analyst,CIEL HR Services,"Hyderabad, Telangana",,,13-03-2022,"['Strong analytical, quantitative, and data science skills.', 'Verification of PNL across products and provide PNL data in requested format.']",https://in.indeed.com/rc/clk?jk=352b3c8eeca36666&fccid=2b1e42f645eeaf1e&vjs=3
IT PP2D Product to Deliver Solution Analyst,Intel,"Bengaluru, Karnataka",,,13-03-2022,['Define data analytics and business intelligence solutions to augment the effectiveness of Supply planning and forecasting processes.'],https://in.indeed.com/rc/clk?jk=f1ca64c2d5814443&fccid=936367796261bd6e&vjs=3
SDE II,ADCI - BLR 14 SEZ,"Bengaluru, Karnataka",,,13-03-2022,"['2+ years of non-internship professional software development experience.', 'Knowledge of Computer Science Fundamentals (data structures, systems design, algorithms…']",https://in.indeed.com/rc/clk?jk=4622390305e12828&fccid=fe2d21eef233e94a&vjs=3
AVP - Returnship Program,Deutsche Bank,"Bengaluru, Karnataka",,,13-03-2022,['The Reg & Tax analyst role is an operations function where you will be involved in reviewing various regulatory documents related to clients to ensure that all…'],https://in.indeed.com/rc/clk?jk=19df8b1da6c43a30&fccid=f1d8e147024abb3f&vjs=3
Data Science- Analyst (Intern),Merkle,"Pune, Maharashtra",,,13-03-2022,"['Use statistical methods to analyze data and generate useful business reports.', 'Liaise with internal and external clients to fully understand data content.']",https://in.indeed.com/rc/clk?jk=eb034f1de93e6d7f&fccid=707a65ba0829e20e&vjs=3
Security Assurance Analyst Vulnerability,TalentAll Recruitment Services,"Chennai, Tamil Nadu",,,13-03-2022,['Participation in at least two internships or prior roles that have either focused on vulnerability management.'],https://in.indeed.com/rc/clk?jk=506a680e3116e44d&fccid=57940f8d2af04d54&vjs=3
Senior Cloud Engineer,Atlan,India,,,13-03-2022,"['Atlan makes it easier for diverse data users – business users, product managers, analysts, and engineers – to collaborate effectively.']",https://in.indeed.com/rc/clk?jk=97de1a606a567212&fccid=5780b449d988d84f&vjs=3
"Consultant, Corporate",Sattva,"Bengaluru, Karnataka",,,13-03-2022,"['Exceptional problem-solving and advisory skills, strong presentation and data analytical abilities.', 'Provide execution/ operational guidance and cover to…']",https://in.indeed.com/rc/clk?jk=789e3c6badffc6cc&fccid=6dbc2d7ff3d50879&vjs=3
"Intern- Trader, India",MiQ Digital,"Mumbai, Maharashtra",,,13-03-2022,"['Understand commercial strategy for an cutting edge data led programmatic business.', 'Delve deep into our data partnership capabilities to differentiate MiQ in the…']",https://in.indeed.com/rc/clk?jk=0ca1c3d4bb2c4d47&fccid=19393daddd5b324a&vjs=3
,Chegg,"Jasola, Delhi, Delhi",,,13-03-2022,"['Design and build data frameworks (ingestion, processing, distribution, access) for Chegg’s big data-based data platform.']",https://in.indeed.com/rc/clk?jk=3f1facba2f9a7955&fccid=a5cbd2514edf7804&vjs=3
"Front-End Engineer II, TFS",ADCI HYD 13 SEZ,"Hyderabad, Telangana",,,13-03-2022,"['The platform suffices the needs of a plethora of users from business performance analysts, operational analysts, carrier management, financial controllership,…']",https://in.indeed.com/rc/clk?jk=5da7eb8dc3f1edfe&fccid=fe2d21eef233e94a&vjs=3
Business Intelligence Developer - I,Chegg,"Jasola, Delhi, Delhi",,,13-03-2022,"['Able to identify incomplete data, improve data quality and integrate data from multiple sources.', 'The Business Intelligence team is central to Chegg’s data…']",https://in.indeed.com/rc/clk?jk=4dad40b23842706c&fccid=a5cbd2514edf7804&vjs=3
,Citrix,"Bengaluru, Karnataka",,,13-03-2022,['Ensure timely communications with internal customers or business analysts when diagnosing and resolving support problems.'],https://in.indeed.com/rc/clk?jk=82be6dd0a78477b9&fccid=3c41eea00c4f384f&vjs=3
Early Careers Recruiter,Deutsche Bank,"Bengaluru, Karnataka",,,13-03-2022,"['Coordinate the internship programs following global principals, ensuring a positive business and internship rotation experience through a robust and transparent…']",https://in.indeed.com/rc/clk?jk=86a171305b0252eb&fccid=f1d8e147024abb3f&vjs=3
Senior Security Engineer,Atlan,India,,,13-03-2022,"['Atlan makes it easier for diverse data users – business users, product managers, analysts, and engineers – to collaborate effectively.']",https://in.indeed.com/rc/clk?jk=c70213288017c5f3&fccid=5780b449d988d84f&vjs=3
,ADCI - Karnataka,"Bengaluru, Karnataka",,,13-03-2022,"['You will work alongside systems engineers, machine learning scientists, and data analysts.', '2+ years of non-internship professional software development…']",https://in.indeed.com/rc/clk?jk=5c6e4a1a6c2db516&fccid=fe2d21eef233e94a&vjs=3
Software Development Engineer,ADCI - Karnataka,"Bengaluru, Karnataka",,,13-03-2022,"['You will work alongside systems engineers, machine learning scientists, and data analysts.', '2+ years of non-internship professional software development…']",https://in.indeed.com/rc/clk?jk=e0efb8d74f580540&fccid=fe2d21eef233e94a&vjs=3
Legal Analyst Internship,Crypto Mize,"Delhi, Delhi",,,13-03-2022,['Legal Analyst Internship in Delhi at CryptoMize - Check Out Legal Analyst Internship for providing legal analysis to departments and members.'],https://in.indeed.com/rc/clk?jk=8b1b1dce15e5d375&fccid=bdad58a8df3ba8a4&vjs=3
Software Development Engineer,ADCI - Haryana,"Gurgaon, Haryana",,,13-03-2022,"['2+ years of non-internship professional software development experience.', 'The platform suffices the needs of a plethora of users from business performance…']",https://in.indeed.com/rc/clk?jk=8f7e64813fe501cd&fccid=fe2d21eef233e94a&vjs=3
Data Platform Engineer I,Chegg,"Jasola, Delhi, Delhi",,,13-03-2022,"['Design and build data frameworks (ingestion, processing, distribution, access) for Chegg’s big data-based data platform.']",https://in.indeed.com/rc/clk?jk=d3aa325ba2631dc0&fccid=a5cbd2514edf7804&vjs=3
"Software Dev Engineer I, TFS",ADCI HYD 13 SEZ,"Hyderabad, Telangana",,,13-03-2022,"['Previous technical internship(s) preferred.', 'The platform suffices the needs of a plethora of users from business performance analysts, operational analysts,…']",https://in.indeed.com/rc/clk?jk=3928eab2b0d20e4c&fccid=fe2d21eef233e94a&vjs=3
